Maximum Speed,Number of Evaluations
0.11353111562307928,0
0.11353111562307928,1
0.11353111562307928,2
0.11353111562307928,3
0.11353111562307928,4
0.11984700454990718,5
0.11984700454990718,6
0.11984700454990718,7
0.11984700454990718,8
0.11984700454990718,9
