Maximum Distance Travelled,Number of Evaluations
0.0,0
1.2559736651863278,0
1.5688538661301923,2
2.6177146253617543,4
